{
  "total_images": 100,
  "processed_images": 100,
  "failed_images": [],
  "class_ious": {
    "0": {
      "mean_iou": 0.20370739687217174,
      "std_iou": 0.30644675395784515,
      "count": 90
    },
    "1": {
      "mean_iou": 0.29641052209304436,
      "std_iou": 0.2883251870491352,
      "count": 94
    },
    "2": {
      "mean_iou": 0.5302285272850035,
      "std_iou": 0.28045870279210877,
      "count": 99
    },
    "4": {
      "mean_iou": 0.23919032075591326,
      "std_iou": 0.2728957476978565,
      "count": 87
    },
    "5": {
      "mean_iou": 0.4656941242059121,
      "std_iou": 0.21740332511130558,
      "count": 100
    },
    "8": {
      "mean_iou": 0.7654316406909496,
      "std_iou": 0.19081633327474362,
      "count": 99
    },
    "9": {
      "mean_iou": 0.368919243111715,
      "std_iou": 0.2790261655655243,
      "count": 93
    },
    "10": {
      "mean_iou": 0.9208978837639649,
      "std_iou": 0.1386681476745063,
      "count": 97
    },
    "12": {
      "mean_iou": 0.7422867314920226,
      "std_iou": 0.22739636503788516,
      "count": 91
    },
    "13": {
      "mean_iou": 0.3297130170361524,
      "std_iou": 0.35457639398666113,
      "count": 54
    },
    "15": {
      "mean_iou": 0.5567852920261512,
      "std_iou": 0.22074242229305596,
      "count": 91
    },
    "16": {
      "mean_iou": 0.18821446090000155,
      "std_iou": 0.31699588867690487,
      "count": 39
    },
    "17": {
      "mean_iou": 0.37445897049417676,
      "std_iou": 0.09630659233321417,
      "count": 90
    },
    "3": {
      "mean_iou": 0.49378118493921686,
      "std_iou": 0.3397252842534995,
      "count": 30
    },
    "6": {
      "mean_iou": 0.19074002741516224,
      "std_iou": 0.25215698246041396,
      "count": 54
    },
    "7": {
      "mean_iou": 0.2129457269070634,
      "std_iou": 0.267960239506295,
      "count": 81
    },
    "11": {
      "mean_iou": 0.20847675934021928,
      "std_iou": 0.26810733096871303,
      "count": 39
    },
    "14": {
      "mean_iou": 0.10136359533080781,
      "std_iou": 0.22360089681674136,
      "count": 36
    },
    "18": {
      "mean_iou": 0.21681508252165474,
      "std_iou": 0.16906642532230112,
      "count": 29
    }
  },
  "rail_detection_rate": 1.0,
  "confusion_matrices": {
    "overall": [
      [
        7180823,
        239746,
        337439,
        179281,
        14877,
        8735,
        88,
        272,
        88067,
        364830,
        203,
        2318,
        433,
        8088,
        4372,
        274676,
        34,
        1049,
        25863
      ],
      [
        569650,
        4518032,
        533509,
        26831,
        77801,
        13798,
        0,
        84,
        113670,
        209285,
        28983,
        10520,
        25151,
        3443,
        10,
        353575,
        1978,
        5811,
        10394
      ],
      [
        118899,
        116776,
        21473211,
        21572,
        407383,
        137515,
        3662,
        6123,
        750707,
        120043,
        494304,
        9196,
        158,
        7244,
        1490,
        114001,
        17280,
        1353,
        4412
      ],
      [
        496795,
        33357,
        30206,
        1941164,
        3220,
        6,
        0,
        0,
        0,
        265,
        0,
        690,
        67852,
        0,
        0,
        70508,
        0,
        492,
        17867
      ],
      [
        111878,
        64061,
        794931,
        6782,
        2731502,
        60747,
        331,
        1328,
        292466,
        201945,
        73546,
        4853,
        160802,
        10756,
        8472,
        64175,
        1284,
        15938,
        1328
      ],
      [
        37548,
        33518,
        1076973,
        9092,
        47137,
        3647346,
        42196,
        13404,
        609654,
        48280,
        507355,
        3075,
        19218,
        3378,
        4671,
        34128,
        14945,
        10428,
        812
      ],
      [
        198,
        0,
        34293,
        0,
        1378,
        31640,
        90440,
        904,
        34075,
        209,
        6858,
        26,
        0,
        0,
        0,
        281,
        56,
        1,
        0
      ],
      [
        660,
        464,
        55403,
        0,
        1459,
        11863,
        2801,
        114039,
        30032,
        790,
        162,
        408,
        1242,
        3988,
        394,
        2469,
        437,
        75,
        0
      ],
      [
        22647,
        17894,
        1153309,
        0,
        49465,
        180400,
        2630,
        7531,
        48084549,
        955488,
        531175,
        4989,
        30924,
        5874,
        2374,
        112700,
        1198,
        8506,
        0
      ],
      [
        146525,
        120483,
        379094,
        0,
        33936,
        28377,
        28,
        2200,
        3328020,
        9313024,
        15145,
        437,
        4551,
        1734,
        97,
        306641,
        963,
        6421,
        9
      ],
      [
        0,
        0,
        408523,
        2735,
        5883,
        161494,
        4315,
        235,
        259810,
        2874,
        43366945,
        407,
        597,
        0,
        0,
        30,
        4672,
        0,
        0
      ],
      [
        6008,
        12763,
        31017,
        22,
        4886,
        3218,
        7,
        135,
        12883,
        2204,
        1,
        242101,
        676,
        1089,
        547,
        1926,
        0,
        0,
        0
      ],
      [
        51419,
        31630,
        66631,
        54954,
        27444,
        10939,
        0,
        0,
        8622,
        41418,
        23,
        896,
        10338421,
        0,
        0,
        565551,
        2172,
        59826,
        86
      ],
      [
        23569,
        3676,
        50579,
        13,
        8562,
        7188,
        0,
        15,
        43321,
        6533,
        0,
        3918,
        0,
        541084,
        19060,
        2121,
        150,
        0,
        0
      ],
      [
        137,
        0,
        65928,
        0,
        503,
        464,
        120,
        0,
        10570,
        100,
        1522,
        256,
        0,
        176,
        172187,
        0,
        57,
        0,
        0
      ],
      [
        738984,
        673385,
        1373232,
        14819,
        156122,
        26795,
        10,
        3796,
        867407,
        946740,
        27,
        136,
        483918,
        584,
        104,
        15933134,
        14732,
        76696,
        1089
      ],
      [
        2908,
        2238,
        293097,
        0,
        37425,
        10199,
        0,
        131,
        22457,
        8987,
        5412,
        0,
        440,
        65,
        844,
        12669,
        972162,
        179,
        0
      ],
      [
        26683,
        28890,
        37304,
        5664,
        24919,
        12852,
        0,
        23,
        49039,
        19771,
        9,
        93,
        1191493,
        0,
        0,
        1286877,
        1193,
        1792713,
        11248
      ],
      [
        204035,
        7056,
        18991,
        156993,
        606,
        83,
        0,
        0,
        182,
        270,
        0,
        339,
        5208,
        3,
        1,
        11663,
        0,
        9397,
        221704
      ]
    ]
  },
  "class_precision": {
    "0": 0.24523607057452673,
    "1": 0.42114999656437235,
    "2": 0.6225315101370759,
    "3": 0.19040179824953873,
    "4": 0.38118599369348405,
    "5": 0.7391162438300586,
    "6": 0.19875247057246337,
    "7": 0.31432971414028094,
    "8": 0.8346453154995005,
    "9": 0.5309494068266714,
    "10": 0.9230684129216746,